gs://madcamp/.productImages/72.jpg,72,laptops,72,homegoods-v2,72,,
gs://madcamp/.productImages/33.jpg,33,laptops,33,homegoods-v2,33,,
gs://madcamp/.productImages/75.jpg,75,laptops,75,homegoods-v2,75,,
gs://madcamp/.productImages/28.jpg,28,laptops,28,homegoods-v2,28,,
gs://madcamp/.productImages/235.jpg,235,laptops,235,homegoods-v2,235,,
gs://madcamp/.productImages/46.jpg,46,laptops,46,homegoods-v2,46,,
gs://madcamp/.productImages/43.jpg,43,laptops,43,homegoods-v2,43,,
gs://madcamp/.productImages/6.jpg,6,laptops,6,homegoods-v2,6,,
gs://madcamp/.productImages/34.jpg,34,laptops,34,homegoods-v2,34,,
gs://madcamp/.productImages/29.jpg,29,laptops,29,homegoods-v2,29,,
gs://madcamp/.productImages/37.jpg,37,laptops,37,homegoods-v2,37,,
gs://madcamp/.productImages/27.jpg,27,laptops,27,homegoods-v2,27,,
gs://madcamp/.productImages/32.jpg,32,laptops,32,homegoods-v2,32,,
gs://madcamp/.productImages/21.jpg,21,laptops,21,homegoods-v2,21,,
gs://madcamp/.productImages/76.jpg,76,laptops,76,homegoods-v2,76,,
gs://madcamp/.productImages/73.jpg,73,laptops,73,homegoods-v2,73,,
gs://madcamp/.productImages/36.jpg,36,laptops,36,homegoods-v2,36,,
gs://madcamp/.productImages/42.jpg,42,laptops,42,homegoods-v2,42,,
gs://madcamp/.productImages/38.jpg,38,laptops,38,homegoods-v2,38,,
gs://madcamp/.productImages/41.jpg,41,laptops,41,homegoods-v2,41,,
gs://madcamp/.productImages/50.jpg,50,laptops,50,homegoods-v2,50,,
gs://madcamp/.productImages/98.jpg,98,laptops,98,homegoods-v2,98,,
gs://madcamp/.productImages/504.jpg,504,laptops,504,homegoods-v2,504,,
gs://madcamp/.productImages/224.jpg,224,laptops,224,homegoods-v2,224,,
gs://madcamp/.productImages/226.jpg,226,laptops,226,homegoods-v2,226,,
gs://madcamp/.productImages/249.jpg,249,laptops,249,homegoods-v2,249,,
gs://madcamp/.productImages/399.jpg,399,laptops,399,homegoods-v2,399,,
gs://madcamp/.productImages/353.jpg,353,laptops,353,homegoods-v2,353,,
gs://madcamp/.productImages/51.jpg,51,laptops,51,homegoods-v2,51,,
gs://madcamp/.productImages/407.jpg,407,laptops,407,homegoods-v2,407,,
gs://madcamp/.productImages/139.jpg,139,laptops,139,homegoods-v2,139,,
gs://madcamp/.productImages/323.jpg,323,laptops,323,homegoods-v2,323,,
gs://madcamp/.productImages/551.jpg,551,laptops,551,homegoods-v2,551,,
gs://madcamp/.productImages/243.jpg,243,laptops,243,homegoods-v2,243,,
gs://madcamp/.productImages/239.jpg,239,laptops,239,homegoods-v2,239,,
gs://madcamp/.productImages/294.jpg,294,laptops,294,homegoods-v2,294,,
gs://madcamp/.productImages/172.jpg,172,laptops,172,homegoods-v2,172,,
gs://madcamp/.productImages/137.jpg,137,laptops,137,homegoods-v2,137,,
gs://madcamp/.productImages/280.jpg,280,laptops,280,homegoods-v2,280,,
gs://madcamp/.productImages/275.jpg,275,laptops,275,homegoods-v2,275,,
gs://madcamp/.productImages/178.jpg,178,laptops,178,homegoods-v2,178,,
gs://madcamp/.productImages/194.jpg,194,laptops,194,homegoods-v2,194,,
gs://madcamp/.productImages/599.jpg,599,laptops,599,homegoods-v2,599,,
gs://madcamp/.productImages/309.jpg,309,laptops,309,homegoods-v2,309,,
gs://madcamp/.productImages/335.jpg,335,laptops,335,homegoods-v2,335,,
gs://madcamp/.productImages/114.jpg,114,laptops,114,homegoods-v2,114,,
gs://madcamp/.productImages/206.jpg,206,laptops,206,homegoods-v2,206,,
gs://madcamp/.productImages/261.jpg,261,laptops,261,homegoods-v2,261,,
gs://madcamp/.productImages/647.jpg,647,laptops,647,homegoods-v2,647,,
gs://madcamp/.productImages/258.jpg,258,laptops,258,homegoods-v2,258,,
gs://madcamp/.productImages/369.jpg,369,laptops,369,homegoods-v2,369,,
gs://madcamp/.productImages/387.jpg,387,laptops,387,homegoods-v2,387,,
gs://madcamp/.productImages/617.jpg,617,laptops,617,homegoods-v2,617,,
gs://madcamp/.productImages/419.jpg,419,laptops,419,homegoods-v2,419,,
gs://madcamp/.productImages/62.jpg,62,laptops,62,homegoods-v2,62,,
gs://madcamp/.productImages/644.jpg,644,laptops,644,homegoods-v2,644,,
gs://madcamp/.productImages/424.jpg,424,laptops,424,homegoods-v2,424,,
gs://madcamp/.productImages/301.jpg,301,laptops,301,homegoods-v2,301,,
gs://madcamp/.productImages/432.jpg,432,laptops,432,homegoods-v2,432,,
gs://madcamp/.productImages/596.jpg,596,laptops,596,homegoods-v2,596,,
gs://madcamp/.productImages/157.jpg,157,laptops,157,homegoods-v2,157,,
gs://madcamp/.productImages/135.jpg,135,laptops,135,homegoods-v2,135,,
gs://madcamp/.productImages/217.jpg,217,laptops,217,homegoods-v2,217,,
gs://madcamp/.productImages/618.jpg,618,laptops,618,homegoods-v2,618,,
gs://madcamp/.productImages/636.jpg,636,laptops,636,homegoods-v2,636,,
gs://madcamp/.productImages/592.jpg,592,laptops,592,homegoods-v2,592,,
gs://madcamp/.productImages/148.jpg,148,laptops,148,homegoods-v2,148,,
gs://madcamp/.productImages/164.jpg,164,laptops,164,homegoods-v2,164,,
gs://madcamp/.productImages/204.jpg,204,laptops,204,homegoods-v2,204,,
gs://madcamp/.productImages/365.jpg,365,laptops,365,homegoods-v2,365,,
gs://madcamp/.productImages/147.jpg,147,laptops,147,homegoods-v2,147,,
gs://madcamp/.productImages/74.jpg,74,laptops,74,homegoods-v2,74,,
gs://madcamp/.productImages/110.jpg,110,laptops,110,homegoods-v2,110,,
gs://madcamp/.productImages/338.jpg,338,laptops,338,homegoods-v2,338,,
gs://madcamp/.productImages/375.jpg,375,laptops,375,homegoods-v2,375,,
gs://madcamp/.productImages/372.jpg,372,laptops,372,homegoods-v2,372,,
gs://madcamp/.productImages/464.jpg,464,laptops,464,homegoods-v2,464,,
gs://madcamp/.productImages/506.jpg,506,laptops,506,homegoods-v2,506,,
gs://madcamp/.productImages/412.jpg,412,laptops,412,homegoods-v2,412,,
gs://madcamp/.productImages/371.jpg,371,laptops,371,homegoods-v2,371,,
gs://madcamp/.productImages/478.jpg,478,laptops,478,homegoods-v2,478,,
gs://madcamp/.productImages/90.jpg,90,laptops,90,homegoods-v2,90,,
gs://madcamp/.productImages/477.jpg,477,laptops,477,homegoods-v2,477,,
gs://madcamp/.productImages/279.jpg,279,laptops,279,homegoods-v2,279,,
gs://madcamp/.productImages/380.jpg,380,laptops,380,homegoods-v2,380,,
gs://madcamp/.productImages/497.jpg,497,laptops,497,homegoods-v2,497,,
gs://madcamp/.productImages/262.jpg,262,laptops,262,homegoods-v2,262,,
gs://madcamp/.productImages/141.jpg,141,laptops,141,homegoods-v2,141,,
gs://madcamp/.productImages/357.jpg,357,laptops,357,homegoods-v2,357,,
gs://madcamp/.productImages/256.jpg,256,laptops,256,homegoods-v2,256,,
gs://madcamp/.productImages/339.jpg,339,laptops,339,homegoods-v2,339,,
gs://madcamp/.productImages/61.jpg,61,laptops,61,homegoods-v2,61,,
gs://madcamp/.productImages/328.jpg,328,laptops,328,homegoods-v2,328,,
gs://madcamp/.productImages/302.jpg,302,laptops,302,homegoods-v2,302,,
gs://madcamp/.productImages/310.jpg,310,laptops,310,homegoods-v2,310,,
gs://madcamp/.productImages/623.jpg,623,laptops,623,homegoods-v2,623,,
gs://madcamp/.productImages/630.jpg,630,laptops,630,homegoods-v2,630,,
gs://madcamp/.productImages/576.jpg,576,laptops,576,homegoods-v2,576,,
gs://madcamp/.productImages/359.jpg,359,laptops,359,homegoods-v2,359,,
gs://madcamp/.productImages/385.jpg,385,laptops,385,homegoods-v2,385,,
gs://madcamp/.productImages/336.jpg,336,laptops,336,homegoods-v2,336,,
gs://madcamp/.productImages/443.jpg,443,laptops,443,homegoods-v2,443,,
gs://madcamp/.productImages/173.jpg,173,laptops,173,homegoods-v2,173,,
gs://madcamp/.productImages/394.jpg,394,laptops,394,homegoods-v2,394,,
gs://madcamp/.productImages/196.jpg,196,laptops,196,homegoods-v2,196,,
gs://madcamp/.productImages/268.jpg,268,laptops,268,homegoods-v2,268,,
gs://madcamp/.productImages/205.jpg,205,laptops,205,homegoods-v2,205,,
gs://madcamp/.productImages/167.jpg,167,laptops,167,homegoods-v2,167,,
gs://madcamp/.productImages/236.jpg,236,laptops,236,homegoods-v2,236,,
gs://madcamp/.productImages/11.jpg,11,laptops,11,homegoods-v2,11,,
gs://madcamp/.productImages/216.jpg,216,laptops,216,homegoods-v2,216,,
gs://madcamp/.productImages/181.jpg,181,laptops,181,homegoods-v2,181,,
gs://madcamp/.productImages/554.jpg,554,laptops,554,homegoods-v2,554,,
gs://madcamp/.productImages/25.jpg,25,laptops,25,homegoods-v2,25,,
gs://madcamp/.productImages/10.jpg,10,laptops,10,homegoods-v2,10,,
gs://madcamp/.productImages/201.jpg,201,laptops,201,homegoods-v2,201,,
gs://madcamp/.productImages/189.jpg,189,laptops,189,homegoods-v2,189,,
gs://madcamp/.productImages/20.jpg,20,laptops,20,homegoods-v2,20,,
gs://madcamp/.productImages/53.jpg,53,laptops,53,homegoods-v2,53,,
gs://madcamp/.productImages/341.jpg,341,laptops,341,homegoods-v2,341,,
gs://madcamp/.productImages/89.jpg,89,laptops,89,homegoods-v2,89,,
gs://madcamp/.productImages/377.jpg,377,laptops,377,homegoods-v2,377,,
gs://madcamp/.productImages/184.jpg,184,laptops,184,homegoods-v2,184,,
gs://madcamp/.productImages/398.jpg,398,laptops,398,homegoods-v2,398,,
gs://madcamp/.productImages/66.jpg,66,laptops,66,homegoods-v2,66,,
gs://madcamp/.productImages/209.jpg,209,laptops,209,homegoods-v2,209,,
gs://madcamp/.productImages/324.jpg,324,laptops,324,homegoods-v2,324,,
gs://madcamp/.productImages/522.jpg,522,laptops,522,homegoods-v2,522,,
gs://madcamp/.productImages/132.jpg,132,laptops,132,homegoods-v2,132,,
gs://madcamp/.productImages/112.jpg,112,laptops,112,homegoods-v2,112,,
gs://madcamp/.productImages/264.jpg,264,laptops,264,homegoods-v2,264,,
gs://madcamp/.productImages/231.jpg,231,laptops,231,homegoods-v2,231,,
gs://madcamp/.productImages/563.jpg,563,laptops,563,homegoods-v2,563,,
gs://madcamp/.productImages/52.jpg,52,laptops,52,homegoods-v2,52,,
gs://madcamp/.productImages/129.jpg,129,laptops,129,homegoods-v2,129,,
gs://madcamp/.productImages/594.jpg,594,laptops,594,homegoods-v2,594,,
gs://madcamp/.productImages/17.jpg,17,laptops,17,homegoods-v2,17,,
gs://madcamp/.productImages/23.jpg,23,laptops,23,homegoods-v2,23,,
gs://madcamp/.productImages/430.jpg,430,laptops,430,homegoods-v2,430,,
gs://madcamp/.productImages/609.jpg,609,laptops,609,homegoods-v2,609,,
gs://madcamp/.productImages/221.jpg,221,laptops,221,homegoods-v2,221,,
gs://madcamp/.productImages/15.jpg,15,laptops,15,homegoods-v2,15,,
gs://madcamp/.productImages/521.jpg,521,laptops,521,homegoods-v2,521,,
gs://madcamp/.productImages/404.jpg,404,laptops,404,homegoods-v2,404,,
gs://madcamp/.productImages/471.jpg,471,laptops,471,homegoods-v2,471,,
gs://madcamp/.productImages/161.jpg,161,laptops,161,homegoods-v2,161,,
gs://madcamp/.productImages/514.jpg,514,laptops,514,homegoods-v2,514,,
gs://madcamp/.productImages/509.jpg,509,laptops,509,homegoods-v2,509,,
gs://madcamp/.productImages/13.jpg,13,laptops,13,homegoods-v2,13,,
gs://madcamp/.productImages/614.jpg,614,laptops,614,homegoods-v2,614,,
gs://madcamp/.productImages/347.jpg,347,laptops,347,homegoods-v2,347,,
gs://madcamp/.productImages/568.jpg,568,laptops,568,homegoods-v2,568,,
gs://madcamp/.productImages/518.jpg,518,laptops,518,homegoods-v2,518,,
gs://madcamp/.productImages/171.jpg,171,laptops,171,homegoods-v2,171,,
gs://madcamp/.productImages/49.jpg,49,laptops,49,homegoods-v2,49,,
gs://madcamp/.productImages/474.jpg,474,laptops,474,homegoods-v2,474,,
gs://madcamp/.productImages/512.jpg,512,laptops,512,homegoods-v2,512,,
gs://madcamp/.productImages/153.jpg,153,laptops,153,homegoods-v2,153,,
gs://madcamp/.productImages/510.jpg,510,laptops,510,homegoods-v2,510,,
gs://madcamp/.productImages/185.jpg,185,laptops,185,homegoods-v2,185,,
gs://madcamp/.productImages/531.jpg,531,laptops,531,homegoods-v2,531,,
gs://madcamp/.productImages/381.jpg,381,laptops,381,homegoods-v2,381,,
gs://madcamp/.productImages/486.jpg,486,laptops,486,homegoods-v2,486,,
gs://madcamp/.productImages/237.jpg,237,laptops,237,homegoods-v2,237,,
gs://madcamp/.productImages/300.jpg,300,laptops,300,homegoods-v2,300,,
gs://madcamp/.productImages/230.jpg,230,laptops,230,homegoods-v2,230,,
gs://madcamp/.productImages/91.jpg,91,laptops,91,homegoods-v2,91,,
gs://madcamp/.productImages/663.jpg,663,laptops,663,homegoods-v2,663,,
gs://madcamp/.productImages/143.jpg,143,laptops,143,homegoods-v2,143,,
gs://madcamp/.productImages/120.jpg,120,laptops,120,homegoods-v2,120,,
gs://madcamp/.productImages/160.jpg,160,laptops,160,homegoods-v2,160,,
gs://madcamp/.productImages/441.jpg,441,laptops,441,homegoods-v2,441,,
gs://madcamp/.productImages/113.jpg,113,laptops,113,homegoods-v2,113,,
gs://madcamp/.productImages/468.jpg,468,laptops,468,homegoods-v2,468,,
gs://madcamp/.productImages/225.jpg,225,laptops,225,homegoods-v2,225,,
gs://madcamp/.productImages/655.jpg,655,laptops,655,homegoods-v2,655,,
gs://madcamp/.productImages/92.jpg,92,laptops,92,homegoods-v2,92,,
gs://madcamp/.productImages/588.jpg,588,laptops,588,homegoods-v2,588,,
gs://madcamp/.productImages/352.jpg,352,laptops,352,homegoods-v2,352,,
gs://madcamp/.productImages/195.jpg,195,laptops,195,homegoods-v2,195,,
gs://madcamp/.productImages/350.jpg,350,laptops,350,homegoods-v2,350,,
gs://madcamp/.productImages/590.jpg,590,laptops,590,homegoods-v2,590,,
gs://madcamp/.productImages/378.jpg,378,laptops,378,homegoods-v2,378,,
gs://madcamp/.productImages/370.jpg,370,laptops,370,homegoods-v2,370,,
gs://madcamp/.productImages/210.jpg,210,laptops,210,homegoods-v2,210,,
gs://madcamp/.productImages/168.jpg,168,laptops,168,homegoods-v2,168,,
gs://madcamp/.productImages/179.jpg,179,laptops,179,homegoods-v2,179,,
gs://madcamp/.productImages/165.jpg,165,laptops,165,homegoods-v2,165,,
gs://madcamp/.productImages/115.jpg,115,laptops,115,homegoods-v2,115,,
gs://madcamp/.productImages/354.jpg,354,laptops,354,homegoods-v2,354,,
gs://madcamp/.productImages/648.jpg,648,laptops,648,homegoods-v2,648,,
gs://madcamp/.productImages/421.jpg,421,laptops,421,homegoods-v2,421,,
gs://madcamp/.productImages/451.jpg,451,laptops,451,homegoods-v2,451,,
gs://madcamp/.productImages/342.jpg,342,laptops,342,homegoods-v2,342,,
gs://madcamp/.productImages/133.jpg,133,laptops,133,homegoods-v2,133,,
gs://madcamp/.productImages/88.jpg,88,laptops,88,homegoods-v2,88,,
gs://madcamp/.productImages/64.jpg,64,laptops,64,homegoods-v2,64,,
gs://madcamp/.productImages/304.jpg,304,laptops,304,homegoods-v2,304,,
gs://madcamp/.productImages/80.jpg,80,laptops,80,homegoods-v2,80,,
gs://madcamp/.productImages/482.jpg,482,laptops,482,homegoods-v2,482,,
gs://madcamp/.productImages/284.jpg,284,laptops,284,homegoods-v2,284,,
gs://madcamp/.productImages/212.jpg,212,laptops,212,homegoods-v2,212,,
gs://madcamp/.productImages/368.jpg,368,laptops,368,homegoods-v2,368,,
gs://madcamp/.productImages/439.jpg,439,laptops,439,homegoods-v2,439,,
gs://madcamp/.productImages/534.jpg,534,laptops,534,homegoods-v2,534,,
gs://madcamp/.productImages/84.jpg,84,laptops,84,homegoods-v2,84,,
gs://madcamp/.productImages/586.jpg,586,laptops,586,homegoods-v2,586,,
gs://madcamp/.productImages/138.jpg,138,laptops,138,homegoods-v2,138,,
gs://madcamp/.productImages/82.jpg,82,laptops,82,homegoods-v2,82,,
gs://madcamp/.productImages/289.jpg,289,laptops,289,homegoods-v2,289,,
gs://madcamp/.productImages/570.jpg,570,laptops,570,homegoods-v2,570,,
gs://madcamp/.productImages/580.jpg,580,laptops,580,homegoods-v2,580,,
gs://madcamp/.productImages/581.jpg,581,laptops,581,homegoods-v2,581,,
gs://madcamp/.productImages/650.jpg,650,laptops,650,homegoods-v2,650,,
gs://madcamp/.productImages/102.jpg,102,laptops,102,homegoods-v2,102,,
gs://madcamp/.productImages/288.jpg,288,laptops,288,homegoods-v2,288,,
gs://madcamp/.productImages/35.jpg,35,laptops,35,homegoods-v2,35,,
gs://madcamp/.productImages/128.jpg,128,laptops,128,homegoods-v2,128,,
gs://madcamp/.productImages/472.jpg,472,laptops,472,homegoods-v2,472,,
gs://madcamp/.productImages/373.jpg,373,laptops,373,homegoods-v2,373,,
gs://madcamp/.productImages/418.jpg,418,laptops,418,homegoods-v2,418,,
gs://madcamp/.productImages/442.jpg,442,laptops,442,homegoods-v2,442,,
gs://madcamp/.productImages/176.jpg,176,laptops,176,homegoods-v2,176,,
gs://madcamp/.productImages/260.jpg,260,laptops,260,homegoods-v2,260,,
gs://madcamp/.productImages/259.jpg,259,laptops,259,homegoods-v2,259,,
gs://madcamp/.productImages/542.jpg,542,laptops,542,homegoods-v2,542,,
gs://madcamp/.productImages/562.jpg,562,laptops,562,homegoods-v2,562,,
gs://madcamp/.productImages/564.jpg,564,laptops,564,homegoods-v2,564,,
gs://madcamp/.productImages/358.jpg,358,laptops,358,homegoods-v2,358,,
gs://madcamp/.productImages/508.jpg,508,laptops,508,homegoods-v2,508,,
gs://madcamp/.productImages/79.jpg,79,laptops,79,homegoods-v2,79,,
gs://madcamp/.productImages/340.jpg,340,laptops,340,homegoods-v2,340,,
gs://madcamp/.productImages/213.jpg,213,laptops,213,homegoods-v2,213,,
gs://madcamp/.productImages/516.jpg,516,laptops,516,homegoods-v2,516,,
gs://madcamp/.productImages/629.jpg,629,laptops,629,homegoods-v2,629,,
gs://madcamp/.productImages/492.jpg,492,laptops,492,homegoods-v2,492,,
gs://madcamp/.productImages/567.jpg,567,laptops,567,homegoods-v2,567,,
gs://madcamp/.productImages/494.jpg,494,laptops,494,homegoods-v2,494,,
gs://madcamp/.productImages/528.jpg,528,laptops,528,homegoods-v2,528,,
gs://madcamp/.productImages/345.jpg,345,laptops,345,homegoods-v2,345,,
gs://madcamp/.productImages/83.jpg,83,laptops,83,homegoods-v2,83,,
gs://madcamp/.productImages/374.jpg,374,laptops,374,homegoods-v2,374,,
gs://madcamp/.productImages/119.jpg,119,laptops,119,homegoods-v2,119,,
gs://madcamp/.productImages/296.jpg,296,laptops,296,homegoods-v2,296,,
gs://madcamp/.productImages/99.jpg,99,laptops,99,homegoods-v2,99,,
gs://madcamp/.productImages/322.jpg,322,laptops,322,homegoods-v2,322,,
gs://madcamp/.productImages/466.jpg,466,laptops,466,homegoods-v2,466,,
gs://madcamp/.productImages/86.jpg,86,laptops,86,homegoods-v2,86,,
gs://madcamp/.productImages/389.jpg,389,laptops,389,homegoods-v2,389,,
gs://madcamp/.productImages/45.jpg,45,laptops,45,homegoods-v2,45,,
gs://madcamp/.productImages/166.jpg,166,laptops,166,homegoods-v2,166,,
gs://madcamp/.productImages/601.jpg,601,laptops,601,homegoods-v2,601,,
gs://madcamp/.productImages/105.jpg,105,laptops,105,homegoods-v2,105,,
gs://madcamp/.productImages/608.jpg,608,laptops,608,homegoods-v2,608,,
gs://madcamp/.productImages/245.jpg,245,laptops,245,homegoods-v2,245,,
gs://madcamp/.productImages/565.jpg,565,laptops,565,homegoods-v2,565,,
gs://madcamp/.productImages/222.jpg,222,laptops,222,homegoods-v2,222,,
gs://madcamp/.productImages/360.jpg,360,laptops,360,homegoods-v2,360,,
gs://madcamp/.productImages/94.jpg,94,laptops,94,homegoods-v2,94,,
gs://madcamp/.productImages/65.jpg,65,laptops,65,homegoods-v2,65,,
gs://madcamp/.productImages/109.jpg,109,laptops,109,homegoods-v2,109,,
gs://madcamp/.productImages/619.jpg,619,laptops,619,homegoods-v2,619,,
gs://madcamp/.productImages/487.jpg,487,laptops,487,homegoods-v2,487,,
gs://madcamp/.productImages/396.jpg,396,laptops,396,homegoods-v2,396,,
gs://madcamp/.productImages/290.jpg,290,laptops,290,homegoods-v2,290,,
gs://madcamp/.productImages/382.jpg,382,laptops,382,homegoods-v2,382,,
gs://madcamp/.productImages/569.jpg,569,laptops,569,homegoods-v2,569,,
gs://madcamp/.productImages/429.jpg,429,laptops,429,homegoods-v2,429,,
gs://madcamp/.productImages/603.jpg,603,laptops,603,homegoods-v2,603,,
gs://madcamp/.productImages/444.jpg,444,laptops,444,homegoods-v2,444,,
gs://madcamp/.productImages/118.jpg,118,laptops,118,homegoods-v2,118,,
gs://madcamp/.productImages/505.jpg,505,laptops,505,homegoods-v2,505,,
gs://madcamp/.productImages/333.jpg,333,laptops,333,homegoods-v2,333,,
gs://madcamp/.productImages/587.jpg,587,laptops,587,homegoods-v2,587,,
gs://madcamp/.productImages/485.jpg,485,laptops,485,homegoods-v2,485,,
gs://madcamp/.productImages/70.jpg,70,laptops,70,homegoods-v2,70,,
gs://madcamp/.productImages/651.jpg,651,laptops,651,homegoods-v2,651,,
gs://madcamp/.productImages/140.jpg,140,laptops,140,homegoods-v2,140,,
gs://madcamp/.productImages/158.jpg,158,laptops,158,homegoods-v2,158,,
gs://madcamp/.productImages/150.jpg,150,laptops,150,homegoods-v2,150,,
gs://madcamp/.productImages/613.jpg,613,laptops,613,homegoods-v2,613,,
gs://madcamp/.productImages/526.jpg,526,laptops,526,homegoods-v2,526,,
gs://madcamp/.productImages/642.jpg,642,laptops,642,homegoods-v2,642,,
gs://madcamp/.productImages/388.jpg,388,laptops,388,homegoods-v2,388,,
gs://madcamp/.productImages/529.jpg,529,laptops,529,homegoods-v2,529,,
gs://madcamp/.productImages/170.jpg,170,laptops,170,homegoods-v2,170,,
gs://madcamp/.productImages/303.jpg,303,laptops,303,homegoods-v2,303,,
gs://madcamp/.productImages/480.jpg,480,laptops,480,homegoods-v2,480,,
gs://madcamp/.productImages/422.jpg,422,laptops,422,homegoods-v2,422,,
gs://madcamp/.productImages/211.jpg,211,laptops,211,homegoods-v2,211,,
gs://madcamp/.productImages/134.jpg,134,laptops,134,homegoods-v2,134,,
gs://madcamp/.productImages/313.jpg,313,laptops,313,homegoods-v2,313,,
gs://madcamp/.productImages/484.jpg,484,laptops,484,homegoods-v2,484,,
gs://madcamp/.productImages/159.jpg,159,laptops,159,homegoods-v2,159,,
gs://madcamp/.productImages/397.jpg,397,laptops,397,homegoods-v2,397,,
gs://madcamp/.productImages/130.jpg,130,laptops,130,homegoods-v2,130,,
gs://madcamp/.productImages/649.jpg,649,laptops,649,homegoods-v2,649,,
gs://madcamp/.productImages/144.jpg,144,laptops,144,homegoods-v2,144,,
gs://madcamp/.productImages/499.jpg,499,laptops,499,homegoods-v2,499,,
gs://madcamp/.productImages/349.jpg,349,laptops,349,homegoods-v2,349,,
gs://madcamp/.productImages/490.jpg,490,laptops,490,homegoods-v2,490,,
gs://madcamp/.productImages/269.jpg,269,laptops,269,homegoods-v2,269,,
gs://madcamp/.productImages/331.jpg,331,laptops,331,homegoods-v2,331,,
gs://madcamp/.productImages/408.jpg,408,laptops,408,homegoods-v2,408,,
gs://madcamp/.productImages/100.jpg,100,laptops,100,homegoods-v2,100,,
gs://madcamp/.productImages/156.jpg,156,laptops,156,homegoods-v2,156,,
gs://madcamp/.productImages/287.jpg,287,laptops,287,homegoods-v2,287,,
gs://madcamp/.productImages/455.jpg,455,laptops,455,homegoods-v2,455,,
gs://madcamp/.productImages/93.jpg,93,laptops,93,homegoods-v2,93,,
gs://madcamp/.productImages/448.jpg,448,laptops,448,homegoods-v2,448,,
gs://madcamp/.productImages/131.jpg,131,laptops,131,homegoods-v2,131,,
gs://madcamp/.productImages/97.jpg,97,laptops,97,homegoods-v2,97,,
gs://madcamp/.productImages/306.jpg,306,laptops,306,homegoods-v2,306,,
gs://madcamp/.productImages/85.jpg,85,laptops,85,homegoods-v2,85,,
gs://madcamp/.productImages/146.jpg,146,laptops,146,homegoods-v2,146,,
gs://madcamp/.productImages/295.jpg,295,laptops,295,homegoods-v2,295,,
gs://madcamp/.productImages/343.jpg,343,laptops,343,homegoods-v2,343,,
gs://madcamp/.productImages/547.jpg,547,laptops,547,homegoods-v2,547,,
gs://madcamp/.productImages/329.jpg,329,laptops,329,homegoods-v2,329,,
gs://madcamp/.productImages/656.jpg,656,laptops,656,homegoods-v2,656,,
gs://madcamp/.productImages/549.jpg,549,laptops,549,homegoods-v2,549,,
gs://madcamp/.productImages/69.jpg,69,laptops,69,homegoods-v2,69,,
gs://madcamp/.productImages/607.jpg,607,laptops,607,homegoods-v2,607,,
gs://madcamp/.productImages/351.jpg,351,laptops,351,homegoods-v2,351,,
gs://madcamp/.productImages/556.jpg,556,laptops,556,homegoods-v2,556,,
gs://madcamp/.productImages/488.jpg,488,laptops,488,homegoods-v2,488,,
gs://madcamp/.productImages/125.jpg,125,laptops,125,homegoods-v2,125,,
gs://madcamp/.productImages/403.jpg,403,laptops,403,homegoods-v2,403,,
gs://madcamp/.productImages/149.jpg,149,laptops,149,homegoods-v2,149,,
gs://madcamp/.productImages/557.jpg,557,laptops,557,homegoods-v2,557,,
gs://madcamp/.productImages/208.jpg,208,laptops,208,homegoods-v2,208,,
gs://madcamp/.productImages/366.jpg,366,laptops,366,homegoods-v2,366,,
gs://madcamp/.productImages/163.jpg,163,laptops,163,homegoods-v2,163,,
gs://madcamp/.productImages/535.jpg,535,laptops,535,homegoods-v2,535,,
gs://madcamp/.productImages/246.jpg,246,laptops,246,homegoods-v2,246,,
gs://madcamp/.productImages/589.jpg,589,laptops,589,homegoods-v2,589,,
gs://madcamp/.productImages/116.jpg,116,laptops,116,homegoods-v2,116,,
gs://madcamp/.productImages/121.jpg,121,laptops,121,homegoods-v2,121,,
gs://madcamp/.productImages/58.jpg,58,laptops,58,homegoods-v2,58,,
gs://madcamp/.productImages/332.jpg,332,laptops,332,homegoods-v2,332,,
gs://madcamp/.productImages/151.jpg,151,laptops,151,homegoods-v2,151,,
gs://madcamp/.productImages/169.jpg,169,laptops,169,homegoods-v2,169,,
gs://madcamp/.productImages/59.jpg,59,laptops,59,homegoods-v2,59,,
gs://madcamp/.productImages/107.jpg,107,laptops,107,homegoods-v2,107,,
gs://madcamp/.productImages/39.jpg,39,laptops,39,homegoods-v2,39,,
gs://madcamp/.productImages/103.jpg,103,laptops,103,homegoods-v2,103,,
gs://madcamp/.productImages/154.jpg,154,laptops,154,homegoods-v2,154,,
gs://madcamp/.productImages/355.jpg,355,laptops,355,homegoods-v2,355,,
gs://madcamp/.productImages/142.jpg,142,laptops,142,homegoods-v2,142,,
gs://madcamp/.productImages/96.jpg,96,laptops,96,homegoods-v2,96,,
gs://madcamp/.productImages/220.jpg,220,laptops,220,homegoods-v2,220,,
gs://madcamp/.productImages/496.jpg,496,laptops,496,homegoods-v2,496,,
gs://madcamp/.productImages/48.jpg,48,laptops,48,homegoods-v2,48,,
gs://madcamp/.productImages/234.jpg,234,laptops,234,homegoods-v2,234,,
gs://madcamp/.productImages/117.jpg,117,laptops,117,homegoods-v2,117,,
gs://madcamp/.productImages/489.jpg,489,laptops,489,homegoods-v2,489,,
gs://madcamp/.productImages/270.jpg,270,laptops,270,homegoods-v2,270,,
gs://madcamp/.productImages/401.jpg,401,laptops,401,homegoods-v2,401,,
gs://madcamp/.productImages/174.jpg,174,laptops,174,homegoods-v2,174,,
gs://madcamp/.productImages/533.jpg,533,laptops,533,homegoods-v2,533,,
gs://madcamp/.productImages/645.jpg,645,laptops,645,homegoods-v2,645,,
gs://madcamp/.productImages/145.jpg,145,laptops,145,homegoods-v2,145,,
gs://madcamp/.productImages/503.jpg,503,laptops,503,homegoods-v2,503,,
gs://madcamp/.productImages/379.jpg,379,laptops,379,homegoods-v2,379,,
gs://madcamp/.productImages/595.jpg,595,laptops,595,homegoods-v2,595,,
gs://madcamp/.productImages/286.jpg,286,laptops,286,homegoods-v2,286,,
gs://madcamp/.productImages/462.jpg,462,laptops,462,homegoods-v2,462,,
gs://madcamp/.productImages/575.jpg,575,laptops,575,homegoods-v2,575,,
gs://madcamp/.productImages/597.jpg,597,laptops,597,homegoods-v2,597,,
gs://madcamp/.productImages/391.jpg,391,laptops,391,homegoods-v2,391,,
gs://madcamp/.productImages/71.jpg,71,laptops,71,homegoods-v2,71,,
gs://madcamp/.productImages/104.jpg,104,laptops,104,homegoods-v2,104,,
gs://madcamp/.productImages/77.jpg,77,laptops,77,homegoods-v2,77,,
gs://madcamp/.productImages/126.jpg,126,laptops,126,homegoods-v2,126,,
gs://madcamp/.productImages/475.jpg,475,laptops,475,homegoods-v2,475,,
gs://madcamp/.productImages/513.jpg,513,laptops,513,homegoods-v2,513,,
gs://madcamp/.productImages/44.jpg,44,laptops,44,homegoods-v2,44,,
gs://madcamp/.productImages/250.jpg,250,laptops,250,homegoods-v2,250,,
gs://madcamp/.productImages/577.jpg,577,laptops,577,homegoods-v2,577,,
gs://madcamp/.productImages/60.jpg,60,laptops,60,homegoods-v2,60,,
gs://madcamp/.productImages/346.jpg,346,laptops,346,homegoods-v2,346,,
gs://madcamp/.productImages/55.jpg,55,laptops,55,homegoods-v2,55,,
gs://madcamp/.productImages/54.jpg,54,laptops,54,homegoods-v2,54,,
gs://madcamp/.productImages/40.jpg,40,laptops,40,homegoods-v2,40,,
gs://madcamp/.productImages/473.jpg,473,laptops,473,homegoods-v2,473,,
gs://madcamp/.productImages/461.jpg,461,laptops,461,homegoods-v2,461,,
gs://madcamp/.productImages/520.jpg,520,laptops,520,homegoods-v2,520,,
gs://madcamp/.productImages/223.jpg,223,laptops,223,homegoods-v2,223,,
gs://madcamp/.productImages/572.jpg,572,laptops,572,homegoods-v2,572,,
gs://madcamp/.productImages/615.jpg,615,laptops,615,homegoods-v2,615,,
gs://madcamp/.productImages/511.jpg,511,laptops,511,homegoods-v2,511,,
gs://madcamp/.productImages/571.jpg,571,laptops,571,homegoods-v2,571,,
gs://madcamp/.productImages/325.jpg,325,laptops,325,homegoods-v2,325,,
gs://madcamp/.productImages/621.jpg,621,laptops,621,homegoods-v2,621,,
gs://madcamp/.productImages/427.jpg,427,laptops,427,homegoods-v2,427,,
gs://madcamp/.productImages/561.jpg,561,laptops,561,homegoods-v2,561,,
gs://madcamp/.productImages/57.jpg,57,laptops,57,homegoods-v2,57,,
gs://madcamp/.productImages/517.jpg,517,laptops,517,homegoods-v2,517,,
gs://madcamp/.productImages/458.jpg,458,laptops,458,homegoods-v2,458,,
gs://madcamp/.productImages/559.jpg,559,laptops,559,homegoods-v2,559,,
gs://madcamp/.productImages/585.jpg,585,laptops,585,homegoods-v2,585,,
gs://madcamp/.productImages/56.jpg,56,laptops,56,homegoods-v2,56,,
gs://madcamp/.productImages/579.jpg,579,laptops,579,homegoods-v2,579,,
gs://madcamp/.productImages/410.jpg,410,laptops,410,homegoods-v2,410,,
gs://madcamp/.productImages/532.jpg,532,laptops,532,homegoods-v2,532,,
gs://madcamp/.productImages/263.jpg,263,laptops,263,homegoods-v2,263,,
gs://madcamp/.productImages/646.jpg,646,laptops,646,homegoods-v2,646,,
gs://madcamp/.productImages/47.jpg,47,laptops,47,homegoods-v2,47,,
gs://madcamp/.productImages/507.jpg,507,laptops,507,homegoods-v2,507,,
gs://madcamp/.productImages/453.jpg,453,laptops,453,homegoods-v2,453,,
gs://madcamp/.productImages/367.jpg,367,laptops,367,homegoods-v2,367,,
gs://madcamp/.productImages/364.jpg,364,laptops,364,homegoods-v2,364,,
gs://madcamp/.productImages/214.jpg,214,laptops,214,homegoods-v2,214,,
gs://madcamp/.productImages/515.jpg,515,laptops,515,homegoods-v2,515,,
gs://madcamp/.productImages/438.jpg,438,laptops,438,homegoods-v2,438,,
gs://madcamp/.productImages/654.jpg,654,laptops,654,homegoods-v2,654,,
gs://madcamp/.productImages/548.jpg,548,laptops,548,homegoods-v2,548,,
gs://madcamp/.productImages/639.jpg,639,laptops,639,homegoods-v2,639,,
gs://madcamp/.productImages/111.jpg,111,laptops,111,homegoods-v2,111,,
gs://madcamp/.productImages/616.jpg,616,laptops,616,homegoods-v2,616,,
gs://madcamp/.productImages/67.jpg,67,laptops,67,homegoods-v2,67,,
gs://madcamp/.productImages/652.jpg,652,laptops,652,homegoods-v2,652,,
gs://madcamp/.productImages/664.jpg,664,laptops,664,homegoods-v2,664,,
gs://madcamp/.productImages/612.jpg,612,laptops,612,homegoods-v2,612,,
gs://madcamp/.productImages/327.jpg,327,laptops,327,homegoods-v2,327,,
gs://madcamp/.productImages/87.jpg,87,laptops,87,homegoods-v2,87,,
gs://madcamp/.productImages/660.jpg,660,laptops,660,homegoods-v2,660,,
gs://madcamp/.productImages/465.jpg,465,laptops,465,homegoods-v2,465,,
gs://madcamp/.productImages/591.jpg,591,laptops,591,homegoods-v2,591,,
gs://madcamp/.productImages/536.jpg,536,laptops,536,homegoods-v2,536,,
gs://madcamp/.productImages/136.jpg,136,laptops,136,homegoods-v2,136,,
gs://madcamp/.productImages/622.jpg,622,laptops,622,homegoods-v2,622,,
gs://madcamp/.productImages/628.jpg,628,laptops,628,homegoods-v2,628,,
gs://madcamp/.productImages/530.jpg,530,laptops,530,homegoods-v2,530,,
gs://madcamp/.productImages/555.jpg,555,laptops,555,homegoods-v2,555,,
gs://madcamp/.productImages/393.jpg,393,laptops,393,homegoods-v2,393,,
gs://madcamp/.productImages/124.jpg,124,laptops,124,homegoods-v2,124,,
gs://madcamp/.productImages/242.jpg,242,laptops,242,homegoods-v2,242,,
gs://madcamp/.productImages/202.jpg,202,laptops,202,homegoods-v2,202,,
gs://madcamp/.productImages/392.jpg,392,laptops,392,homegoods-v2,392,,
gs://madcamp/.productImages/574.jpg,574,laptops,574,homegoods-v2,574,,
gs://madcamp/.productImages/344.jpg,344,laptops,344,homegoods-v2,344,,
gs://madcamp/.productImages/197.jpg,197,laptops,197,homegoods-v2,197,,
gs://madcamp/.productImages/476.jpg,476,laptops,476,homegoods-v2,476,,
gs://madcamp/.productImages/215.jpg,215,laptops,215,homegoods-v2,215,,
gs://madcamp/.productImages/253.jpg,253,laptops,253,homegoods-v2,253,,
gs://madcamp/.productImages/493.jpg,493,laptops,493,homegoods-v2,493,,
gs://madcamp/.productImages/384.jpg,384,laptops,384,homegoods-v2,384,,
gs://madcamp/.productImages/433.jpg,433,laptops,433,homegoods-v2,433,,
gs://madcamp/.productImages/426.jpg,426,laptops,426,homegoods-v2,426,,
gs://madcamp/.productImages/539.jpg,539,laptops,539,homegoods-v2,539,,
gs://madcamp/.productImages/319.jpg,319,laptops,319,homegoods-v2,319,,
gs://madcamp/.productImages/545.jpg,545,laptops,545,homegoods-v2,545,,
gs://madcamp/.productImages/406.jpg,406,laptops,406,homegoods-v2,406,,
gs://madcamp/.productImages/30.jpg,30,laptops,30,homegoods-v2,30,,
gs://madcamp/.productImages/227.jpg,227,laptops,227,homegoods-v2,227,,
gs://madcamp/.productImages/321.jpg,321,laptops,321,homegoods-v2,321,,
gs://madcamp/.productImages/500.jpg,500,laptops,500,homegoods-v2,500,,
gs://madcamp/.productImages/578.jpg,578,laptops,578,homegoods-v2,578,,
gs://madcamp/.productImages/108.jpg,108,laptops,108,homegoods-v2,108,,
gs://madcamp/.productImages/543.jpg,543,laptops,543,homegoods-v2,543,,
gs://madcamp/.productImages/643.jpg,643,laptops,643,homegoods-v2,643,,
gs://madcamp/.productImages/460.jpg,460,laptops,460,homegoods-v2,460,,
gs://madcamp/.productImages/456.jpg,456,laptops,456,homegoods-v2,456,,
gs://madcamp/.productImages/19.jpg,19,laptops,19,homegoods-v2,19,,
gs://madcamp/.productImages/122.jpg,122,laptops,122,homegoods-v2,122,,
gs://madcamp/.productImages/14.jpg,14,laptops,14,homegoods-v2,14,,
gs://madcamp/.productImages/266.jpg,266,laptops,266,homegoods-v2,266,,
gs://madcamp/.productImages/383.jpg,383,laptops,383,homegoods-v2,383,,
gs://madcamp/.productImages/78.jpg,78,laptops,78,homegoods-v2,78,,
gs://madcamp/.productImages/203.jpg,203,laptops,203,homegoods-v2,203,,
gs://madcamp/.productImages/4.jpg,4,laptops,4,homegoods-v2,4,,
gs://madcamp/.productImages/257.jpg,257,laptops,257,homegoods-v2,257,,
gs://madcamp/.productImages/537.jpg,537,laptops,537,homegoods-v2,537,,
gs://madcamp/.productImages/558.jpg,558,laptops,558,homegoods-v2,558,,
gs://madcamp/.productImages/658.jpg,658,laptops,658,homegoods-v2,658,,
gs://madcamp/.productImages/31.jpg,31,laptops,31,homegoods-v2,31,,
gs://madcamp/.productImages/440.jpg,440,laptops,440,homegoods-v2,440,,
gs://madcamp/.productImages/282.jpg,282,laptops,282,homegoods-v2,282,,
gs://madcamp/.productImages/12.jpg,12,laptops,12,homegoods-v2,12,,
gs://madcamp/.productImages/414.jpg,414,laptops,414,homegoods-v2,414,,
gs://madcamp/.productImages/600.jpg,600,laptops,600,homegoods-v2,600,,
gs://madcamp/.productImages/318.jpg,318,laptops,318,homegoods-v2,318,,
gs://madcamp/.productImages/483.jpg,483,laptops,483,homegoods-v2,483,,
gs://madcamp/.productImages/544.jpg,544,laptops,544,homegoods-v2,544,,
gs://madcamp/.productImages/605.jpg,605,laptops,605,homegoods-v2,605,,
gs://madcamp/.productImages/272.jpg,272,laptops,272,homegoods-v2,272,,
gs://madcamp/.productImages/63.jpg,63,laptops,63,homegoods-v2,63,,
gs://madcamp/.productImages/634.jpg,634,laptops,634,homegoods-v2,634,,
gs://madcamp/.productImages/610.jpg,610,laptops,610,homegoods-v2,610,,
gs://madcamp/.productImages/283.jpg,283,laptops,283,homegoods-v2,283,,
gs://madcamp/.productImages/3.jpg,3,laptops,3,homegoods-v2,3,,
gs://madcamp/.productImages/361.jpg,361,laptops,361,homegoods-v2,361,,
gs://madcamp/.productImages/291.jpg,291,laptops,291,homegoods-v2,291,,
gs://madcamp/.productImages/491.jpg,491,laptops,491,homegoods-v2,491,,
gs://madcamp/.productImages/316.jpg,316,laptops,316,homegoods-v2,316,,
gs://madcamp/.productImages/299.jpg,299,laptops,299,homegoods-v2,299,,
gs://madcamp/.productImages/602.jpg,602,laptops,602,homegoods-v2,602,,
gs://madcamp/.productImages/2.jpg,2,laptops,2,homegoods-v2,2,,
gs://madcamp/.productImages/525.jpg,525,laptops,525,homegoods-v2,525,,
gs://madcamp/.productImages/527.jpg,527,laptops,527,homegoods-v2,527,,
gs://madcamp/.productImages/550.jpg,550,laptops,550,homegoods-v2,550,,
gs://madcamp/.productImages/566.jpg,566,laptops,566,homegoods-v2,566,,
gs://madcamp/.productImages/584.jpg,584,laptops,584,homegoods-v2,584,,
gs://madcamp/.productImages/611.jpg,611,laptops,611,homegoods-v2,611,,
gs://madcamp/.productImages/626.jpg,626,laptops,626,homegoods-v2,626,,
gs://madcamp/.productImages/633.jpg,633,laptops,633,homegoods-v2,633,,
gs://madcamp/.productImages/498.jpg,498,laptops,498,homegoods-v2,498,,
gs://madcamp/.productImages/314.jpg,314,laptops,314,homegoods-v2,314,,
gs://madcamp/.productImages/362.jpg,362,laptops,362,homegoods-v2,362,,
gs://madcamp/.productImages/326.jpg,326,laptops,326,homegoods-v2,326,,
gs://madcamp/.productImages/423.jpg,423,laptops,423,homegoods-v2,423,,
gs://madcamp/.productImages/436.jpg,436,laptops,436,homegoods-v2,436,,
gs://madcamp/.productImages/271.jpg,271,laptops,271,homegoods-v2,271,,
gs://madcamp/.productImages/317.jpg,317,laptops,317,homegoods-v2,317,,
gs://madcamp/.productImages/627.jpg,627,laptops,627,homegoods-v2,627,,
gs://madcamp/.productImages/238.jpg,238,laptops,238,homegoods-v2,238,,
gs://madcamp/.productImages/281.jpg,281,laptops,281,homegoods-v2,281,,
gs://madcamp/.productImages/320.jpg,320,laptops,320,homegoods-v2,320,,
gs://madcamp/.productImages/229.jpg,229,laptops,229,homegoods-v2,229,,
gs://madcamp/.productImages/409.jpg,409,laptops,409,homegoods-v2,409,,
gs://madcamp/.productImages/273.jpg,273,laptops,273,homegoods-v2,273,,
gs://madcamp/.productImages/8.jpg,8,laptops,8,homegoods-v2,8,,
gs://madcamp/.productImages/434.jpg,434,laptops,434,homegoods-v2,434,,
gs://madcamp/.productImages/22.jpg,22,laptops,22,homegoods-v2,22,,
gs://madcamp/.productImages/470.jpg,470,laptops,470,homegoods-v2,470,,
gs://madcamp/.productImages/641.jpg,641,laptops,641,homegoods-v2,641,,
gs://madcamp/.productImages/277.jpg,277,laptops,277,homegoods-v2,277,,
gs://madcamp/.productImages/244.jpg,244,laptops,244,homegoods-v2,244,,
gs://madcamp/.productImages/386.jpg,386,laptops,386,homegoods-v2,386,,
gs://madcamp/.productImages/402.jpg,402,laptops,402,homegoods-v2,402,,
gs://madcamp/.productImages/274.jpg,274,laptops,274,homegoods-v2,274,,
gs://madcamp/.productImages/395.jpg,395,laptops,395,homegoods-v2,395,,
gs://madcamp/.productImages/26.jpg,26,laptops,26,homegoods-v2,26,,
gs://madcamp/.productImages/193.jpg,193,laptops,193,homegoods-v2,193,,
gs://madcamp/.productImages/200.jpg,200,laptops,200,homegoods-v2,200,,
gs://madcamp/.productImages/265.jpg,265,laptops,265,homegoods-v2,265,,
gs://madcamp/.productImages/175.jpg,175,laptops,175,homegoods-v2,175,,
gs://madcamp/.productImages/479.jpg,479,laptops,479,homegoods-v2,479,,
gs://madcamp/.productImages/219.jpg,219,laptops,219,homegoods-v2,219,,
gs://madcamp/.productImages/467.jpg,467,laptops,467,homegoods-v2,467,,
gs://madcamp/.productImages/582.jpg,582,laptops,582,homegoods-v2,582,,
gs://madcamp/.productImages/405.jpg,405,laptops,405,homegoods-v2,405,,
gs://madcamp/.productImages/276.jpg,276,laptops,276,homegoods-v2,276,,
gs://madcamp/.productImages/198.jpg,198,laptops,198,homegoods-v2,198,,
gs://madcamp/.productImages/417.jpg,417,laptops,417,homegoods-v2,417,,
gs://madcamp/.productImages/191.jpg,191,laptops,191,homegoods-v2,191,,
gs://madcamp/.productImages/18.jpg,18,laptops,18,homegoods-v2,18,,
gs://madcamp/.productImages/9.jpg,9,laptops,9,homegoods-v2,9,,
gs://madcamp/.productImages/248.jpg,248,laptops,248,homegoods-v2,248,,
gs://madcamp/.productImages/449.jpg,449,laptops,449,homegoods-v2,449,,
gs://madcamp/.productImages/315.jpg,315,laptops,315,homegoods-v2,315,,
gs://madcamp/.productImages/308.jpg,308,laptops,308,homegoods-v2,308,,
gs://madcamp/.productImages/446.jpg,446,laptops,446,homegoods-v2,446,,
gs://madcamp/.productImages/311.jpg,311,laptops,311,homegoods-v2,311,,
gs://madcamp/.productImages/207.jpg,207,laptops,207,homegoods-v2,207,,
gs://madcamp/.productImages/182.jpg,182,laptops,182,homegoods-v2,182,,
gs://madcamp/.productImages/469.jpg,469,laptops,469,homegoods-v2,469,,
gs://madcamp/.productImages/416.jpg,416,laptops,416,homegoods-v2,416,,
gs://madcamp/.productImages/285.jpg,285,laptops,285,homegoods-v2,285,,
gs://madcamp/.productImages/254.jpg,254,laptops,254,homegoods-v2,254,,
gs://madcamp/.productImages/620.jpg,620,laptops,620,homegoods-v2,620,,
gs://madcamp/.productImages/252.jpg,252,laptops,252,homegoods-v2,252,,
gs://madcamp/.productImages/255.jpg,255,laptops,255,homegoods-v2,255,,
gs://madcamp/.productImages/481.jpg,481,laptops,481,homegoods-v2,481,,
gs://madcamp/.productImages/400.jpg,400,laptops,400,homegoods-v2,400,,
gs://madcamp/.productImages/292.jpg,292,laptops,292,homegoods-v2,292,,
gs://madcamp/.productImages/524.jpg,524,laptops,524,homegoods-v2,524,,
gs://madcamp/.productImages/411.jpg,411,laptops,411,homegoods-v2,411,,
gs://madcamp/.productImages/241.jpg,241,laptops,241,homegoods-v2,241,,
gs://madcamp/.productImages/437.jpg,437,laptops,437,homegoods-v2,437,,
gs://madcamp/.productImages/463.jpg,463,laptops,463,homegoods-v2,463,,
gs://madcamp/.productImages/450.jpg,450,laptops,450,homegoods-v2,450,,
gs://madcamp/.productImages/447.jpg,447,laptops,447,homegoods-v2,447,,
gs://madcamp/.productImages/106.jpg,106,laptops,106,homegoods-v2,106,,
gs://madcamp/.productImages/435.jpg,435,laptops,435,homegoods-v2,435,,
gs://madcamp/.productImages/228.jpg,228,laptops,228,homegoods-v2,228,,
gs://madcamp/.productImages/305.jpg,305,laptops,305,homegoods-v2,305,,
gs://madcamp/.productImages/415.jpg,415,laptops,415,homegoods-v2,415,,
gs://madcamp/.productImages/192.jpg,192,laptops,192,homegoods-v2,192,,
gs://madcamp/.productImages/177.jpg,177,laptops,177,homegoods-v2,177,,
gs://madcamp/.productImages/337.jpg,337,laptops,337,homegoods-v2,337,,
gs://madcamp/.productImages/278.jpg,278,laptops,278,homegoods-v2,278,,
gs://madcamp/.productImages/68.jpg,68,laptops,68,homegoods-v2,68,,
gs://madcamp/.productImages/152.jpg,152,laptops,152,homegoods-v2,152,,
gs://madcamp/.productImages/413.jpg,413,laptops,413,homegoods-v2,413,,
gs://madcamp/.productImages/606.jpg,606,laptops,606,homegoods-v2,606,,
gs://madcamp/.productImages/390.jpg,390,laptops,390,homegoods-v2,390,,
gs://madcamp/.productImages/523.jpg,523,laptops,523,homegoods-v2,523,,
gs://madcamp/.productImages/155.jpg,155,laptops,155,homegoods-v2,155,,
gs://madcamp/.productImages/428.jpg,428,laptops,428,homegoods-v2,428,,
gs://madcamp/.productImages/81.jpg,81,laptops,81,homegoods-v2,81,,
gs://madcamp/.productImages/307.jpg,307,laptops,307,homegoods-v2,307,,
gs://madcamp/.productImages/187.jpg,187,laptops,187,homegoods-v2,187,,
gs://madcamp/.productImages/183.jpg,183,laptops,183,homegoods-v2,183,,
gs://madcamp/.productImages/653.jpg,653,laptops,653,homegoods-v2,653,,
gs://madcamp/.productImages/5.jpg,5,laptops,5,homegoods-v2,5,,
gs://madcamp/.productImages/95.jpg,95,laptops,95,homegoods-v2,95,,
gs://madcamp/.productImages/267.jpg,267,laptops,267,homegoods-v2,267,,
gs://madcamp/.productImages/7.jpg,7,laptops,7,homegoods-v2,7,,
gs://madcamp/.productImages/452.jpg,452,laptops,452,homegoods-v2,452,,
gs://madcamp/.productImages/376.jpg,376,laptops,376,homegoods-v2,376,,
gs://madcamp/.productImages/312.jpg,312,laptops,312,homegoods-v2,312,,
gs://madcamp/.productImages/101.jpg,101,laptops,101,homegoods-v2,101,,
gs://madcamp/.productImages/635.jpg,635,laptops,635,homegoods-v2,635,,
gs://madcamp/.productImages/631.jpg,631,laptops,631,homegoods-v2,631,,
gs://madcamp/.productImages/218.jpg,218,laptops,218,homegoods-v2,218,,
gs://madcamp/.productImages/501.jpg,501,laptops,501,homegoods-v2,501,,
gs://madcamp/.productImages/431.jpg,431,laptops,431,homegoods-v2,431,,
gs://madcamp/.productImages/199.jpg,199,laptops,199,homegoods-v2,199,,
gs://madcamp/.productImages/540.jpg,540,laptops,540,homegoods-v2,540,,
gs://madcamp/.productImages/538.jpg,538,laptops,538,homegoods-v2,538,,
gs://madcamp/.productImages/661.jpg,661,laptops,661,homegoods-v2,661,,
gs://madcamp/.productImages/657.jpg,657,laptops,657,homegoods-v2,657,,
gs://madcamp/.productImages/659.jpg,659,laptops,659,homegoods-v2,659,,
gs://madcamp/.productImages/662.jpg,662,laptops,662,homegoods-v2,662,,
gs://madcamp/.productImages/583.jpg,583,laptops,583,homegoods-v2,583,,
gs://madcamp/.productImages/1.jpg,1,laptops,1,homegoods-v2,1,,
gs://madcamp/.productImages/495.jpg,495,laptops,495,homegoods-v2,495,,
gs://madcamp/.productImages/298.jpg,298,laptops,298,homegoods-v2,298,,
gs://madcamp/.productImages/459.jpg,459,laptops,459,homegoods-v2,459,,
gs://madcamp/.productImages/457.jpg,457,laptops,457,homegoods-v2,457,,
gs://madcamp/.productImages/640.jpg,640,laptops,640,homegoods-v2,640,,
gs://madcamp/.productImages/638.jpg,638,laptops,638,homegoods-v2,638,,
gs://madcamp/.productImages/420.jpg,420,laptops,420,homegoods-v2,420,,
gs://madcamp/.productImages/502.jpg,502,laptops,502,homegoods-v2,502,,
gs://madcamp/.productImages/573.jpg,573,laptops,573,homegoods-v2,573,,
gs://madcamp/.productImages/546.jpg,546,laptops,546,homegoods-v2,546,,
gs://madcamp/.productImages/541.jpg,541,laptops,541,homegoods-v2,541,,
gs://madcamp/.productImages/593.jpg,593,laptops,593,homegoods-v2,593,,
gs://madcamp/.productImages/127.jpg,127,laptops,127,homegoods-v2,127,,
gs://madcamp/.productImages/16.jpg,16,laptops,16,homegoods-v2,16,,
gs://madcamp/.productImages/24.jpg,24,laptops,24,homegoods-v2,24,,
gs://madcamp/.productImages/632.jpg,632,laptops,632,homegoods-v2,632,,
gs://madcamp/.productImages/552.jpg,552,laptops,552,homegoods-v2,552,,
gs://madcamp/.productImages/553.jpg,553,laptops,553,homegoods-v2,553,,
gs://madcamp/.productImages/348.jpg,348,laptops,348,homegoods-v2,348,,
gs://madcamp/.productImages/180.jpg,180,laptops,180,homegoods-v2,180,,
gs://madcamp/.productImages/247.jpg,247,laptops,247,homegoods-v2,247,,
gs://madcamp/.productImages/330.jpg,330,laptops,330,homegoods-v2,330,,
gs://madcamp/.productImages/190.jpg,190,laptops,190,homegoods-v2,190,,
gs://madcamp/.productImages/560.jpg,560,laptops,560,homegoods-v2,560,,
gs://madcamp/.productImages/297.jpg,297,laptops,297,homegoods-v2,297,,
gs://madcamp/.productImages/519.jpg,519,laptops,519,homegoods-v2,519,,
gs://madcamp/.productImages/598.jpg,598,laptops,598,homegoods-v2,598,,
gs://madcamp/.productImages/233.jpg,233,laptops,233,homegoods-v2,233,,
gs://madcamp/.productImages/162.jpg,162,laptops,162,homegoods-v2,162,,
gs://madcamp/.productImages/624.jpg,624,laptops,624,homegoods-v2,624,,
gs://madcamp/.productImages/186.jpg,186,laptops,186,homegoods-v2,186,,
gs://madcamp/.productImages/293.jpg,293,laptops,293,homegoods-v2,293,,
gs://madcamp/.productImages/454.jpg,454,laptops,454,homegoods-v2,454,,
gs://madcamp/.productImages/232.jpg,232,laptops,232,homegoods-v2,232,,
gs://madcamp/.productImages/425.jpg,425,laptops,425,homegoods-v2,425,,
gs://madcamp/.productImages/251.jpg,251,laptops,251,homegoods-v2,251,,
gs://madcamp/.productImages/363.jpg,363,laptops,363,homegoods-v2,363,,
gs://madcamp/.productImages/240.jpg,240,laptops,240,homegoods-v2,240,,
gs://madcamp/.productImages/188.jpg,188,laptops,188,homegoods-v2,188,,
gs://madcamp/.productImages/445.jpg,445,laptops,445,homegoods-v2,445,,
gs://madcamp/.productImages/625.jpg,625,laptops,625,homegoods-v2,625,,
gs://madcamp/.productImages/604.jpg,604,laptops,604,homegoods-v2,604,,
gs://madcamp/.productImages/123.jpg,123,laptops,123,homegoods-v2,123,,
gs://madcamp/.productImages/637.jpg,637,laptops,637,homegoods-v2,637,,
gs://madcamp/.productImages/334.jpg,334,laptops,334,homegoods-v2,334,,
gs://madcamp/.productImages/356.jpg,356,laptops,356,homegoods-v2,356,,
